algoritmo,memoria_media_MB
bcrypt,0.18907687341255577
sha256,7.747442592010065
